draw_date,draw_number,numbers,bonus_number
1999/4/13,1,"[1,3,17,20,25]",26
1999/4/27,2,"[2,11,12,21,30]",28
1999/5/11,3,"[1,8,10,24,30]",28
1999/5/25,4,"[11,12,14,20,31]",29
1999/6/8,5,"[8,9,15,21,25]",23
1999/6/22,6,"[2,11,16,24,29]",4
1999/7/6,7,"[3,24,25,26,31]",2
1999/7/20,8,"[22,24,25,28,30]",21
1999/8/3,9,"[2,11,12,13,28]",15
1999/8/17,10,"[8,19,21,23,30]",5
1999/8/31,11,"[17,18,19,20,30]",31
1999/9/14,12,"[5,9,13,16,19]",21
1999/9/28,13,"[6,11,18,25,28]",20
1999/10/5,14,"[2,21,24,26,29]",28
1999/10/12,15,"[6,8,17,23,24]",22
1999/10/19,16,"[2,20,24,26,27]",23
1999/10/26,17,"[10,18,20,25,27]",1
1999/11/2,18,"[1,14,16,23,25]",27
1999/11/9,19,"[2,9,10,22,27]",1
1999/11/16,20,"[14,20,22,25,30]",15
1999/11/23,21,"[3,15,22,25,31]",6
1999/11/30,22,"[4,6,26,28,30]",14
1999/12/7,23,"[2,13,18,22,26]",15
1999/12/14,24,"[12,14,19,26,28]",15
1999/12/21,25,"[2,3,7,18,29]",15
1999/12/28,26,"[7,8,9,14,15]",4
2000/1/4,27,"[10,16,20,21,31]",14
2000/1/11,28,"[2,9,15,22,29]",11
2000/1/18,29,"[9,12,17,26,31]",15
2000/1/25,30,"[10,15,17,18,30]",16
2000/2/1,31,"[14,20,21,24,28]",17
2000/2/8,32,"[2,11,13,16,24]",20
2000/2/15,33,"[2,3,8,9,30]",23
2000/2/22,34,"[4,9,18,28,29]",12
2000/2/29,35,"[10,11,18,24,26]",29
2000/3/7,36,"[4,8,15,16,21]",25
2000/3/14,37,"[6,7,10,16,31]",20
2000/3/21,38,"[11,16,17,19,31]",4
2000/3/28,39,"[1,9,15,26,30]",11
2000/4/4,40,"[4,16,24,25,27]",5
2000/4/11,41,"[10,16,19,22,26]",29
2000/4/18,42,"[2,5,19,24,31]",28
2000/4/25,43,"[3,6,11,16,30]",5
2000/5/2,44,"[5,18,20,25,27]",11
2000/5/9,45,"[7,13,19,24,26]",11
2000/5/16,46,"[2,10,22,23,26]",6
2000/5/23,47,"[2,6,8,17,29]",10
2000/5/30,48,"[2,9,11,13,31]",18
2000/6/6,49,"[10,13,14,23,25]",12
2000/6/13,50,"[4,5,6,8,10]",26
2000/6/20,51,"[5,7,15,16,31]",2
2000/6/27,52,"[4,10,12,26,31]",20
2000/7/4,53,"[4,13,14,15,17]",30
2000/7/11,54,"[4,5,15,18,21]",16
2000/7/18,55,"[4,10,11,18,31]",3
2000/7/25,56,"[1,3,7,10,27]",16
2000/8/1,57,"[3,21,23,27,29]",13
2000/8/8,58,"[1,2,4,10,24]",20
2000/8/15,59,"[9,15,20,21,22]",10
2000/8/22,60,"[16,17,22,23,26]",30
2000/8/29,61,"[9,23,24,29,30]",5
2000/9/5,62,"[5,10,13,17,29]",6
2000/9/12,63,"[3,5,6,22,28]",1
2000/9/19,64,"[5,10,11,12,23]",15
2000/9/26,65,"[8,9,10,17,23]",15
2000/10/3,66,"[5,6,12,17,20]",1
2000/10/10,67,"[4,5,8,14,27]",6
2000/10/17,68,"[5,6,21,22,24]",11
2000/10/24,69,"[5,6,9,23,30]",2
2000/10/31,70,"[1,5,7,17,21]",15
2000/11/7,71,"[11,17,18,22,30]",2
2000/11/14,72,"[8,10,24,28,30]",12
2000/11/21,73,"[4,6,8,26,30]",7
2000/11/28,74,"[4,6,16,22,28]",9
2000/12/5,75,"[7,14,16,17,29]",1
2000/12/12,76,"[6,11,13,16,23]",3
2000/12/19,77,"[2,3,10,22,26]",23
2000/12/26,78,"[4,11,19,20,22]",28
2001/1/9,79,"[2,13,16,26,30]",11
2001/1/16,80,"[7,10,13,18,22]",4
2001/1/23,81,"[1,7,10,16,25]",18
2001/1/30,82,"[1,3,11,27,30]",8
2001/2/6,83,"[1,6,11,23,26]",3
2001/2/13,84,"[1,15,29,30,31]",16
2001/2/20,85,"[9,11,14,20,29]",2
2001/2/27,86,"[2,8,13,20,24]",9
2001/3/6,87,"[1,5,12,23,27]",14
2001/3/13,88,"[4,19,26,27,30]",3
2001/3/20,89,"[5,7,24,27,29]",14
2001/3/27,90,"[6,12,14,21,27]",15
2001/4/3,91,"[8,9,15,18,22]",3
2001/4/10,92,"[2,3,11,22,30]",31
2001/4/17,93,"[11,15,22,26,27]",8
2001/4/24,94,"[16,19,20,26,29]",27
2001/5/1,95,"[4,5,7,8,31]",26
2001/5/8,96,"[1,5,6,14,27]",17
2001/5/15,97,"[6,12,15,19,22]",3
2001/5/22,98,"[1,2,9,11,20]",4
2001/5/29,99,"[3,7,10,13,15]",26
2001/6/5,100,"[11,12,19,20,31]",3
2001/6/12,101,"[2,10,11,13,26]",22
2001/6/19,102,"[5,10,11,25,28]",23
2001/6/26,103,"[10,13,19,21,30]",14
2001/7/3,104,"[3,4,7,21,30]",31
2001/7/10,105,"[6,11,14,21,27]",20
2001/7/17,106,"[3,5,11,12,18]",2
2001/7/24,107,"[4,8,12,26,27]",18
2001/7/31,108,"[6,10,20,27,29]",19
2001/8/7,109,"[3,5,15,19,22]",25
2001/8/14,110,"[3,7,13,22,27]",2
2001/8/21,111,"[10,19,24,27,31]",6
2001/8/28,112,"[5,7,15,26,27]",1
2001/9/4,113,"[1,2,6,16,28]",4
2001/9/11,114,"[3,5,6,7,11]",8
2001/9/18,115,"[10,15,29,30,31]",16
2001/9/25,116,"[2,7,13,18,23]",11
2001/10/2,117,"[5,11,12,23,24]",3
2001/10/9,118,"[2,4,12,20,23]",14
2001/10/16,119,"[12,14,25,29,30]",5
2001/10/23,120,"[8,12,14,18,27]",24
2001/10/30,121,"[5,17,18,24,30]",20
2001/11/6,122,"[1,8,23,27,28]",9
2001/11/13,123,"[1,5,6,13,15]",21
2001/11/20,124,"[5,7,17,19,27]",9
2001/11/27,125,"[2,21,22,27,29]",24
2001/12/4,126,"[7,16,18,22,25]",21
2001/12/11,127,"[8,9,18,29,31]",24
2001/12/18,128,"[3,6,22,24,27]",26
2001/12/25,129,"[2,13,20,25,30]",12
2002/1/8,130,"[3,4,11,17,26]",5
2002/1/15,131,"[1,9,12,18,21]",15
2002/1/22,132,"[7,13,17,19,24]",18
2002/1/29,133,"[4,7,11,18,31]",27
2002/2/5,134,"[4,5,13,16,18]",20
2002/2/12,135,"[4,7,8,9,24]",20
2002/2/19,136,"[5,11,14,18,28]",8
2002/2/26,137,"[3,15,20,25,28]",30
2002/3/5,138,"[1,4,21,30,31]",16
2002/3/12,139,"[14,17,20,26,28]",23
2002/3/19,140,"[8,9,17,20,29]",6
2002/3/26,141,"[4,6,9,20,24]",16
2002/4/2,142,"[10,11,24,25,30]",8
2002/4/9,143,"[17,18,20,23,26]",6
2002/4/16,144,"[4,13,14,19,28]",5
2002/4/23,145,"[13,14,19,24,28]",3
2002/4/30,146,"[1,6,11,12,18]",8
2002/5/7,147,"[5,10,21,27,28]",2
2002/5/14,148,"[2,7,19,26,31]",24
2002/5/21,149,"[5,6,17,27,28]",20
2002/5/28,150,"[2,11,16,24,26]",4
2002/6/4,151,"[4,10,13,14,19]",12
2002/6/11,152,"[1,2,11,22,30]",27
2002/6/18,153,"[2,3,8,23,29]",6
2002/6/25,154,"[2,10,16,19,22]",17
2002/7/2,155,"[9,10,16,21,23]",4
2002/7/9,156,"[2,3,13,19,31]",15
2002/7/16,157,"[1,5,14,18,20]",6
2002/7/23,158,"[3,14,16,20,31]",25
2002/7/30,159,"[7,11,16,23,24]",13
2002/8/6,160,"[4,23,24,30,31]",27
2002/8/13,161,"[2,3,4,17,19]",8
2002/8/20,162,"[6,14,17,23,31]",20
2002/8/27,163,"[1,12,13,16,28]",31
2002/9/3,164,"[7,9,16,26,30]",28
2002/9/10,165,"[9,16,24,25,26]",20
2002/9/17,166,"[8,13,21,24,28]",16
2002/9/24,167,"[11,19,20,25,26]",23
2002/10/1,168,"[2,8,11,16,30]",17
2002/10/8,169,"[8,15,18,25,31]",13
2002/10/15,170,"[2,7,14,20,22]",5
2002/10/22,171,"[2,6,9,12,31]",17
2002/10/29,172,"[1,4,14,21,28]",3
2002/11/5,173,"[11,18,20,22,29]",10
2002/11/12,174,"[1,3,8,21,22]",2
2002/11/19,175,"[8,12,17,19,24]",5
2002/11/26,176,"[12,14,24,26,30]",18
2002/12/3,177,"[7,13,17,21,30]",20
2002/12/10,178,"[3,24,26,28,31]",20
2002/12/17,179,"[1,7,26,30,31]",12
2002/12/24,180,"[17,18,19,21,28]",22
2003/1/7,181,"[1,3,14,16,26]",12
2003/1/14,182,"[2,10,14,23,24]",6
2003/1/21,183,"[3,9,13,25,26]",7
2003/1/28,184,"[2,10,23,30,31]",16
2003/2/4,185,"[7,19,20,25,28]",2
2003/2/11,186,"[8,12,20,21,25]",22
2003/2/18,187,"[4,6,17,24,25]",1
2003/2/25,188,"[7,16,24,25,28]",30
2003/3/4,189,"[9,16,22,25,26]",3
2003/3/11,190,"[4,5,21,27,29]",2
2003/3/18,191,"[1,6,8,12,13]",2
2003/3/25,192,"[6,7,10,11,17]",3
2003/4/1,193,"[6,8,18,20,22]",11
2003/4/8,194,"[3,6,15,17,23]",1
2003/4/15,195,"[1,2,6,15,23]",21
2003/4/22,196,"[2,4,14,21,22]",16
2003/4/29,197,"[8,18,20,21,31]",1
2003/5/6,198,"[13,20,21,25,28]",14
2003/5/13,199,"[1,9,21,26,29]",25
2003/5/20,200,"[1,4,12,13,18]",25
2003/5/27,201,"[3,5,23,25,26]",17
2003/6/3,202,"[6,10,11,18,31]",25
2003/6/10,203,"[4,10,18,22,25]",20
2003/6/17,204,"[7,18,22,24,29]",9
2003/6/24,205,"[3,4,13,14,23]",12
2003/7/1,206,"[6,8,12,27,31]",24
2003/7/8,207,"[3,4,10,16,25]",7
2003/7/15,208,"[6,10,13,16,17]",29
2003/7/22,209,"[7,17,23,27,29]",12
2003/7/29,210,"[9,10,18,19,29]",21
2003/8/5,211,"[9,10,13,18,22]",15
2003/8/12,212,"[1,5,10,14,30]",26
2003/8/19,213,"[1,2,3,9,29]",27
2003/8/26,214,"[2,8,16,18,28]",12
2003/9/2,215,"[4,15,20,21,28]",16
2003/9/9,216,"[3,7,13,16,17]",2
2003/9/16,217,"[2,8,17,19,23]",21
2003/9/23,218,"[9,16,24,25,29]",23
2003/9/30,219,"[1,15,17,21,28]",6
2003/10/7,220,"[9,10,11,21,29]",5
2003/10/14,221,"[4,8,14,22,26]",9
2003/10/21,222,"[10,18,21,26,28]",9
2003/10/28,223,"[4,10,16,19,22]",21
2003/11/4,224,"[12,16,27,30,31]",14
2003/11/11,225,"[13,14,18,24,26]",16
2003/11/18,226,"[4,12,14,26,30]",28
2003/11/25,227,"[2,4,7,21,30]",20
2003/12/2,228,"[10,17,21,24,27]",2
2003/12/9,229,"[12,19,23,24,30]",6
2003/12/16,230,"[4,16,17,25,26]",19
2003/12/23,231,"[3,4,10,11,24]",28
2003/12/30,232,"[3,12,20,24,26]",31
2004/1/6,233,"[8,14,19,21,29]",25
2004/1/13,234,"[16,18,22,23,26]",2
2004/1/20,235,"[5,6,16,17,31]",8
2004/1/27,236,"[14,17,23,24,29]",3
2004/2/3,237,"[6,8,17,18,28]",20
2004/2/10,238,"[13,15,17,22,25]",26
2004/2/17,239,"[16,18,21,23,27]",31
2004/2/24,240,"[2,6,14,28,29]",11
2004/3/2,241,"[1,2,4,13,26]",7
2004/3/9,242,"[5,12,23,27,31]",14
2004/3/16,243,"[4,11,15,27,28]",1
2004/3/23,244,"[6,11,21,22,25]",15
2004/3/30,245,"[1,10,14,21,28]",23
2004/4/6,246,"[1,12,15,20,23]",4
2004/4/13,247,"[7,11,19,27,31]",2
2004/4/20,248,"[4,13,16,24,29]",12
2004/4/27,249,"[9,11,12,18,20]",7
2004/5/4,250,"[1,3,11,12,31]",22
2004/5/11,251,"[1,3,19,20,23]",28
2004/5/18,252,"[12,18,24,27,31]",22
2004/5/25,253,"[1,3,10,21,25]",29
2004/6/1,254,"[3,7,22,25,29]",27
2004/6/8,255,"[12,17,20,27,29]",18
2004/6/15,256,"[5,9,15,16,27]",28
2004/6/22,257,"[2,9,12,20,31]",10
2004/6/29,258,"[4,6,9,19,22]",5
2004/7/6,259,"[5,7,11,12,23]",17
2004/7/13,260,"[6,7,17,19,23]",28
2004/7/20,261,"[2,3,5,14,29]",18
2004/7/27,262,"[5,19,23,27,28]",2
2004/8/3,263,"[15,25,28,30,31]",2
2004/8/10,264,"[2,4,7,25,30]",15
2004/8/17,265,"[1,3,24,26,28]",21
2004/8/24,266,"[3,8,25,28,31]",6
2004/8/31,267,"[8,14,15,19,25]",31
2004/9/7,268,"[17,18,20,27,31]",13
2004/9/14,269,"[3,7,20,23,29]",16
2004/9/21,270,"[9,10,11,14,19]",21
2004/9/28,271,"[6,13,15,24,31]",20
2004/10/5,272,"[4,16,21,28,29]",9
2004/10/12,273,"[3,5,7,11,17]",23
2004/10/19,274,"[7,8,9,16,25]",12
2004/10/26,275,"[11,16,17,21,22]",19
2004/11/2,276,"[12,16,19,20,23]",11
2004/11/9,277,"[4,14,16,19,22]",10
2004/11/16,278,"[8,12,13,14,24]",16
2004/11/23,279,"[2,7,19,23,25]",11
2004/11/30,280,"[4,9,13,15,19]",12
2004/12/7,281,"[5,7,11,13,21]",27
2004/12/14,282,"[1,2,18,27,29]",13
2004/12/21,283,"[11,15,19,20,29]",1
2004/12/28,284,"[1,5,8,11,18]",30
2005/1/4,285,"[8,17,19,24,26]",16
2005/1/11,286,"[14,15,20,22,30]",2
2005/1/18,287,"[2,7,14,19,21]",1
2005/1/25,288,"[6,16,21,29,31]",18
2005/2/1,289,"[5,6,11,24,28]",18
2005/2/8,290,"[3,8,11,23,30]",5
2005/2/15,291,"[4,8,21,23,26]",22
2005/2/22,292,"[2,7,13,25,31]",17
2005/3/1,293,"[14,15,16,24,25]",12
2005/3/8,294,"[14,23,26,29,31]",28
2005/3/15,295,"[8,14,16,17,26]",5
2005/3/22,296,"[8,14,18,24,29]",19
2005/3/29,297,"[5,9,18,25,30]",31
2005/4/5,298,"[8,10,12,15,22]",16
2005/4/12,299,"[2,9,15,26,31]",11
2005/4/19,300,"[10,13,16,22,28]",7
2005/4/26,301,"[5,11,16,26,31]",12
2005/5/3,302,"[6,7,9,14,20]",22
2005/5/10,303,"[13,14,16,19,25]",1
2005/5/17,304,"[3,10,11,14,20]",17
2005/5/24,305,"[10,11,13,16,24]",22
2005/5/31,306,"[17,20,23,24,31]",11
2005/6/7,307,"[2,10,15,21,28]",12
2005/6/14,308,"[1,13,17,22,27]",16
2005/6/21,309,"[8,14,17,22,23]",1
2005/6/28,310,"[6,14,17,24,25]",11
2005/7/5,311,"[2,17,19,28,29]",10
2005/7/12,312,"[7,12,17,18,21]",11
2005/7/19,313,"[1,7,26,27,31]",30
2005/7/26,314,"[2,7,16,18,20]",28
2005/8/2,315,"[7,11,15,28,31]",14
2005/8/9,316,"[24,25,28,29,30]",27
2005/8/16,317,"[8,10,11,22,23]",12
2005/8/23,318,"[9,18,19,30,31]",16
2005/8/30,319,"[3,20,21,22,27]",9
2005/9/6,320,"[6,7,13,28,30]",12
2005/9/13,321,"[2,11,18,21,27]",15
2005/9/20,322,"[5,8,10,28,31]",2
2005/9/27,323,"[5,15,19,22,27]",29
2005/10/4,324,"[5,6,13,29,30]",17
2005/10/11,325,"[8,11,13,15,28]",22
2005/10/18,326,"[1,3,6,11,25]",12
2005/10/25,327,"[8,14,19,25,28]",16
2005/11/1,328,"[1,2,11,12,18]",8
2005/11/8,329,"[5,14,15,17,29]",10
2005/11/15,330,"[3,13,15,19,24]",8
2005/11/22,331,"[6,19,21,29,30]",24
2005/11/29,332,"[4,9,24,28,29]",25
2005/12/6,333,"[19,21,22,26,28]",24
2005/12/13,334,"[7,12,22,23,25]",13
2005/12/20,335,"[14,16,23,25,31]",22
2005/12/27,336,"[10,14,20,27,28]",8
2006/1/10,337,"[4,7,21,22,23]",15
2006/1/17,338,"[1,3,19,21,27]",9
2006/1/24,339,"[4,9,11,15,23]",26
2006/1/31,340,"[10,14,18,23,25]",31
2006/2/7,341,"[2,5,17,18,26]",3
2006/2/14,342,"[2,15,24,25,27]",9
2006/2/21,343,"[6,10,15,27,30]",8
2006/2/28,344,"[4,9,13,21,23]",31
2006/3/7,345,"[7,14,16,17,29]",18
2006/3/14,346,"[4,14,18,26,31]",3
2006/3/21,347,"[10,11,20,23,27]",13
2006/3/28,348,"[8,9,11,12,18]",23
2006/4/4,349,"[3,5,6,7,12]",18
2006/4/11,350,"[3,9,22,24,28]",27
2006/4/18,351,"[3,6,11,12,27]",26
2006/4/25,352,"[5,7,14,17,30]",29
2006/5/2,353,"[3,13,14,17,25]",18
2006/5/9,354,"[3,6,17,19,30]",1
2006/5/16,355,"[8,9,24,27,29]",31
2006/5/23,356,"[6,11,17,19,22]",21
2006/5/30,357,"[15,24,26,28,29]",16
2006/6/6,358,"[4,13,18,27,31]",23
2006/6/13,359,"[3,11,15,18,19]",22
2006/6/20,360,"[6,11,20,27,28]",5
2006/6/27,361,"[2,4,6,12,30]",5
2006/7/4,362,"[4,17,19,20,31]",7
2006/7/11,363,"[4,10,12,17,22]",16
2006/7/18,364,"[5,9,13,20,23]",18
2006/7/25,365,"[6,10,18,27,28]",14
2006/8/1,366,"[2,11,14,19,30]",3
2006/8/8,367,"[4,6,14,19,31]",9
2006/8/15,368,"[1,8,17,28,29]",6
2006/8/22,369,"[4,10,23,29,30]",31
2006/8/29,370,"[10,12,16,26,28]",21
2006/9/5,371,"[10,12,19,23,31]",27
2006/9/12,372,"[1,5,22,25,30]",12
2006/9/19,373,"[3,5,11,12,29]",22
2006/9/26,374,"[9,17,27,28,29]",8
2006/10/3,375,"[1,10,20,23,24]",16
2006/10/10,376,"[7,13,21,25,28]",2
2006/10/17,377,"[1,12,20,21,30]",6
2006/10/24,378,"[6,8,15,21,24]",5
2006/10/31,379,"[2,8,15,19,28]",26
2006/11/7,380,"[2,11,12,17,31]",15
2006/11/14,381,"[3,9,19,22,23]",21
2006/11/21,382,"[7,9,11,14,23]",19
2006/11/28,383,"[4,7,9,17,31]",12
2006/12/5,384,"[4,9,15,25,29]",5
2006/12/12,385,"[6,14,20,24,27]",3
2006/12/19,386,"[1,3,5,7,23]",14
2006/12/26,387,"[16,26,28,29,30]",11
2007/1/9,388,"[4,8,19,27,31]",11
2007/1/16,389,"[8,11,13,27,30]",6
2007/1/23,390,"[11,14,23,29,30]",20
2007/1/30,391,"[1,10,15,30,31]",21
2007/2/6,392,"[3,13,15,25,30]",26
2007/2/13,393,"[15,17,18,22,30]",11
2007/2/20,394,"[2,5,21,27,31]",25
2007/2/27,395,"[6,21,22,23,31]",3
2007/3/6,396,"[1,6,21,25,28]",22
2007/3/13,397,"[1,14,17,24,25]",29
2007/3/20,398,"[10,17,25,27,31]",26
2007/3/27,399,"[7,13,23,27,31]",8
2007/4/3,400,"[12,20,22,24,25]",26
2007/4/10,401,"[11,13,18,26,30]",6
2007/4/17,402,"[10,20,22,24,27]",8
2007/4/24,403,"[2,5,16,30,31]",18
2007/5/1,404,"[1,8,11,26,28]",24
2007/5/8,405,"[8,9,13,27,31]",17
2007/5/15,406,"[5,13,19,28,29]",1
2007/5/22,407,"[5,15,21,22,31]",10
2007/5/29,408,"[7,12,22,26,30]",4
2007/6/5,409,"[2,11,19,27,28]",5
2007/6/12,410,"[3,10,19,20,31]",15
2007/6/19,411,"[5,8,12,19,22]",11
2007/6/26,412,"[1,5,6,9,23]",16
2007/7/3,413,"[8,14,21,23,29]",17
2007/7/10,414,"[5,7,10,20,27]",21
2007/7/17,415,"[11,16,24,28,30]",22
2007/7/24,416,"[4,6,13,15,22]",7
2007/7/31,417,"[3,9,12,23,24]",22
2007/8/7,418,"[13,16,22,27,30]",4
2007/8/14,419,"[5,12,19,20,27]",28
2007/8/21,420,"[2,10,13,23,27]",18
2007/8/28,421,"[11,14,24,28,29]",16
2007/9/4,422,"[10,12,15,21,27]",24
2007/9/11,423,"[8,14,16,24,31]",7
2007/9/18,424,"[3,4,8,11,31]",24
2007/9/25,425,"[4,10,20,25,28]",6
2007/10/2,426,"[3,15,17,21,26]",29
2007/10/9,427,"[9,14,19,20,26]",16
2007/10/16,428,"[11,20,24,27,29]",21
2007/10/23,429,"[11,18,22,26,30]",20
2007/10/30,430,"[3,7,16,18,21]",27
2007/11/6,431,"[3,12,14,24,25]",2
2007/11/13,432,"[3,9,14,22,25]",12
2007/11/20,433,"[1,12,17,20,27]",14
2007/11/27,434,"[1,6,10,11,22]",18
2007/12/4,435,"[8,19,22,25,27]",6
2007/12/11,436,"[7,8,18,21,24]",17
2007/12/18,437,"[9,13,15,28,31]",12
2007/12/25,438,"[1,2,10,13,21]",16
2008/1/8,439,"[10,17,19,21,23]",16
2008/1/15,440,"[5,12,13,21,30]",28
2008/1/22,441,"[6,8,19,28,30]",17
2008/1/29,442,"[5,8,19,24,30]",17
2008/2/5,443,"[5,17,22,23,30]",20
2008/2/12,444,"[1,11,17,30,31]",13
2008/2/19,445,"[7,16,18,26,31]",25
2008/2/26,446,"[10,11,15,16,17]",4
2008/3/4,447,"[14,17,20,25,26]",8
2008/3/11,448,"[1,7,12,17,18]",25
2008/3/18,449,"[7,8,10,11,20]",12
2008/3/25,450,"[2,5,8,13,27]",26
2008/4/1,451,"[3,7,12,14,16]",31
2008/4/8,452,"[2,12,16,18,30]",20
2008/4/15,453,"[4,7,12,17,27]",24
2008/4/22,454,"[2,5,13,20,24]",12
2008/4/29,455,"[1,10,16,24,26]",9
2008/5/6,456,"[6,8,10,16,20]",2
2008/5/13,457,"[2,16,17,22,28]",11
2008/5/20,458,"[6,8,15,24,31]",1
2008/5/27,459,"[12,13,26,27,29]",2
2008/6/3,460,"[10,11,25,27,30]",4
2008/6/10,461,"[6,12,17,20,26]",11
2008/6/17,462,"[4,19,22,25,29]",27
2008/6/24,463,"[12,13,16,21,23]",18
2008/7/1,464,"[1,12,16,22,28]",15
2008/7/8,465,"[13,18,21,25,28]",7
2008/7/15,466,"[15,16,19,20,29]",17
2008/7/22,467,"[1,2,13,15,23]",26
2008/7/29,468,"[7,8,13,24,27]",10
2008/8/5,469,"[5,9,12,16,19]",3
2008/8/12,470,"[11,15,22,30,31]",14
2008/8/19,471,"[13,17,20,23,30]",28
2008/8/26,472,"[4,15,17,20,21]",3
2008/9/2,473,"[4,5,18,20,26]",3
2008/9/9,474,"[5,12,14,18,23]",11
2008/9/16,475,"[8,9,12,14,24]",30
2008/9/23,476,"[3,10,12,20,24]",13
2008/9/30,477,"[1,4,13,20,28]",31
2008/10/7,478,"[3,17,18,22,25]",5
2008/10/14,479,"[14,22,26,27,29]",21
2008/10/21,480,"[5,7,18,25,31]",23
2008/10/28,481,"[3,7,13,16,25]",31
2008/11/4,482,"[2,16,20,24,29]",5
2008/11/11,483,"[7,20,23,27,29]",25
2008/11/18,484,"[1,3,4,19,29]",27
2008/11/25,485,"[3,8,10,15,31]",18
2008/12/2,486,"[5,8,20,22,26]",19
2008/12/9,487,"[15,17,20,22,29]",16
2008/12/16,488,"[10,15,17,23,29]",24
2008/12/23,489,"[2,4,9,22,31]",17
2008/12/30,490,"[7,9,13,21,24]",11
2009/1/6,491,"[8,10,16,20,23]",6
2009/1/13,492,"[3,8,9,11,20]",18
2009/1/20,493,"[1,11,12,13,17]",26
2009/1/27,494,"[2,10,14,26,28]",18
2009/2/3,495,"[7,10,22,26,27]",5
2009/2/10,496,"[4,10,11,22,30]",9
2009/2/17,497,"[4,21,23,27,28]",26
2009/2/24,498,"[2,15,20,23,30]",3
2009/3/3,499,"[2,8,14,15,26]",31
2009/3/10,500,"[19,20,23,25,28]",5
2009/3/17,501,"[12,13,16,17,21]",22
2009/3/24,502,"[2,3,5,13,14]",1
2009/3/31,503,"[11,18,21,23,27]",3
2009/4/7,504,"[8,10,24,28,31]",9
2009/4/14,505,"[5,16,19,20,22]",28
2009/4/21,506,"[4,14,15,23,24]",11
2009/4/28,507,"[10,19,26,27,28]",2
2009/5/5,508,"[3,6,9,14,25]",1
2009/5/12,509,"[2,13,22,29,30]",8
2009/5/19,510,"[18,19,21,23,30]",25
2009/5/26,511,"[13,16,26,28,31]",11
2009/6/2,512,"[8,14,25,29,30]",7
2009/6/9,513,"[3,11,18,19,25]",8
2009/6/16,514,"[15,16,21,25,30]",14
2009/6/23,515,"[5,21,24,25,26]",31
2009/6/30,516,"[3,12,14,15,26]",5
2009/7/7,517,"[12,26,28,29,30]",5
2009/7/14,518,"[11,16,18,20,27]",23
2009/7/21,519,"[2,9,25,29,31]",4
2009/7/28,520,"[2,3,11,14,30]",8
2009/8/4,521,"[4,9,14,25,26]",15
2009/8/11,522,"[4,19,22,23,27]",31
2009/8/18,523,"[8,17,18,19,24]",10
2009/8/25,524,"[7,10,17,22,24]",12
2009/9/1,525,"[1,14,21,25,27]",6
2009/9/8,526,"[4,5,16,21,31]",26
2009/9/15,527,"[11,13,15,23,25]",4
2009/9/22,528,"[2,11,14,15,21]",8
2009/9/29,529,"[5,7,14,16,20]",15
2009/10/6,530,"[2,3,5,16,19]",10
2009/10/13,531,"[13,21,22,26,27]",19
2009/10/20,532,"[5,10,21,27,28]",18
2009/10/27,533,"[6,13,19,23,31]",20
2009/11/3,534,"[7,22,25,26,30]",4
2009/11/10,535,"[18,20,23,24,31]",7
2009/11/17,536,"[14,18,20,22,24]",19
2009/11/24,537,"[9,10,27,29,30]",5
2009/12/1,538,"[8,10,13,20,21]",31
2009/12/8,539,"[9,18,23,26,29]",5
2009/12/15,540,"[2,19,22,27,29]",6
2009/12/22,541,"[1,9,10,16,23]",30
2009/12/29,542,"[3,9,11,20,27]",21
2010/1/5,543,"[4,7,17,22,25]",30
2010/1/12,544,"[3,9,18,29,30]",28
2010/1/19,545,"[1,15,23,28,29]",2
2010/1/26,546,"[3,8,19,22,29]",20
2010/2/2,547,"[5,23,25,29,31]",28
2010/2/9,548,"[5,6,16,23,29]",31
2010/2/16,549,"[10,12,19,24,25]",14
2010/2/23,550,"[8,16,22,28,31]",3
2010/3/2,551,"[1,2,10,24,31]",28
2010/3/9,552,"[7,11,14,17,28]",29
2010/3/16,553,"[2,13,23,24,30]",15
2010/3/23,554,"[2,6,23,24,28]",9
2010/3/30,555,"[1,15,18,24,29]",23
2010/4/6,556,"[4,6,16,17,24]",26
2010/4/13,557,"[8,18,21,22,28]",31
2010/4/20,558,"[4,10,16,22,30]",27
2010/4/27,559,"[2,4,7,11,16]",25
2010/5/4,560,"[11,13,17,29,30]",5
2010/5/11,561,"[1,5,6,16,25]",18
2010/5/18,562,"[2,7,12,15,17]",23
2010/5/25,563,"[4,5,18,19,30]",1
2010/6/1,564,"[9,17,19,22,29]",6
2010/6/8,565,"[18,19,20,28,29]",13
2010/6/15,566,"[3,8,23,28,30]",31
2010/6/22,567,"[10,12,20,24,25]",17
2010/6/29,568,"[8,12,16,24,30]",23
2010/7/6,569,"[10,17,23,26,28]",5
2010/7/13,570,"[1,2,5,6,10]",8
2010/7/20,571,"[9,22,27,28,29]",26
2010/7/27,572,"[1,6,18,23,29]",21
2010/8/3,573,"[15,21,22,23,29]",5
2010/8/10,574,"[3,7,8,13,15]",25
2010/8/17,575,"[10,16,20,21,27]",24
2010/8/24,576,"[6,8,10,21,23]",18
2010/8/31,577,"[5,10,21,24,25]",13
2010/9/7,578,"[5,11,16,19,30]",18
2010/9/14,579,"[1,4,15,17,23]",8
2010/9/21,580,"[1,4,14,15,26]",18
2010/9/28,581,"[2,6,12,14,30]",3
2010/10/5,582,"[3,14,22,24,30]",10
2010/10/12,583,"[1,3,10,11,16]",24
2010/10/19,584,"[6,9,11,14,22]",29
2010/10/26,585,"[14,19,23,24,31]",29
2010/11/2,586,"[1,5,6,10,15]",2
2010/11/9,587,"[11,17,19,29,30]",1
2010/11/16,588,"[4,11,18,26,31]",13
2010/11/23,589,"[3,10,13,22,26]",12
2010/11/30,590,"[4,7,11,17,19]",14
2010/12/7,591,"[4,8,9,13,19]",12
2010/12/14,592,"[5,6,23,25,26]",14
2010/12/21,593,"[11,14,22,28,29]",25
2010/12/28,594,"[2,5,10,22,30]",12
2011/1/4,595,"[7,11,15,20,23]",3
2011/1/11,596,"[6,9,10,14,27]",31
2011/1/18,597,"[2,13,16,17,19]",29
2011/1/25,598,"[4,15,21,26,30]",1
2011/2/1,599,"[3,7,10,11,29]",25
2011/2/8,600,"[1,2,3,4,22]",13
2011/2/15,601,"[10,14,15,16,24]",28
2011/2/22,602,"[3,14,18,22,25]",27
2011/3/1,603,"[4,5,26,28,30]",15
2011/3/8,604,"[2,11,13,22,25]",5
2011/3/15,605,"[5,6,13,19,28]",17
2011/3/22,606,"[9,20,23,30,31]",1
2011/3/29,607,"[7,8,12,18,30]",17
2011/4/5,608,"[13,19,21,25,29]",15
2011/4/12,609,"[3,14,21,26,30]",25
2011/4/19,610,"[3,8,14,17,30]",19
2011/4/26,611,"[12,18,21,25,30]",17
2011/5/3,612,"[11,18,24,27,30]",4
2011/5/10,613,"[2,16,17,20,28]",14
2011/5/17,614,"[7,16,23,25,30]",11
2011/5/24,615,"[4,12,13,19,20]",10
2011/5/31,616,"[7,18,21,27,28]",10
2011/6/7,617,"[3,9,16,19,28]",25
2011/6/14,618,"[10,12,14,22,31]",23
2011/6/21,619,"[4,7,14,20,30]",28
2011/6/28,620,"[2,14,21,25,31]",5
2011/7/5,621,"[6,12,18,24,30]",9
2011/7/12,622,"[13,14,20,25,27]",19
2011/7/19,623,"[4,9,14,15,26]",29
2011/7/26,624,"[5,7,11,12,24]",4
2011/8/2,625,"[19,20,23,26,31]",6
2011/8/9,626,"[11,12,14,17,26]",23
2011/8/16,627,"[6,10,14,15,20]",19
2011/8/23,628,"[1,2,10,17,20]",18
2011/8/30,629,"[1,3,16,26,29]",31
2011/9/6,630,"[3,4,16,19,31]",14
2011/9/13,631,"[3,15,18,20,25]",29
2011/9/20,632,"[6,14,15,25,26]",13
2011/9/27,633,"[2,12,19,20,30]",13
2011/10/4,634,"[6,14,24,27,31]",22
2011/10/11,635,"[12,13,16,20,29]",11
2011/10/18,636,"[8,13,21,26,30]",3
2011/10/25,637,"[1,5,10,15,21]",11
2011/11/1,638,"[1,16,18,27,30]",15
2011/11/8,639,"[6,14,20,29,31]",22
2011/11/15,640,"[6,15,18,28,31]",8
2011/11/22,641,"[5,11,14,17,22]",15
2011/11/29,642,"[9,22,26,27,31]",28
2011/12/6,643,"[9,11,17,19,22]",6
2011/12/13,644,"[5,13,15,20,27]",30
2011/12/20,645,"[8,13,18,19,24]",11
2011/12/27,646,"[3,6,16,30,31]",17
2012/1/10,647,"[3,6,7,10,21]",18
2012/1/17,648,"[6,13,18,19,21]",26
2012/1/24,649,"[3,11,18,19,21]",12
2012/1/31,650,"[4,11,18,24,26]",13
2012/2/7,651,"[8,11,15,20,31]",18
2012/2/14,652,"[2,5,19,28,29]",23
2012/2/21,653,"[11,16,20,22,30]",21
2012/2/28,654,"[6,11,22,25,27]",2
2012/3/6,655,"[7,9,12,14,18]",24
2012/3/13,656,"[4,10,15,22,23]",7
2012/3/20,657,"[9,14,18,23,30]",10
2012/3/27,658,"[7,8,11,15,26]",1
2012/4/3,659,"[5,9,22,30,31]",3
2012/4/10,660,"[7,12,15,30,31]",18
2012/4/17,661,"[2,6,9,19,20]",27
2012/4/24,662,"[7,9,15,28,31]",26
2012/5/1,663,"[1,9,10,21,31]",23
2012/5/8,664,"[6,9,11,16,29]",4
2012/5/15,665,"[7,12,17,20,28]",9
2012/5/22,666,"[10,11,17,24,29]",26
2012/5/29,667,"[8,9,19,26,31]",28
2012/6/5,668,"[7,9,16,27,29]",30
2012/6/12,669,"[4,7,8,25,31]",14
2012/6/19,670,"[4,6,26,27,29]",30
2012/6/26,671,"[7,14,19,22,27]",28
2012/7/3,672,"[3,8,20,22,28]",5
2012/7/10,673,"[6,12,21,24,25]",22
2012/7/17,674,"[1,2,3,24,25]",15
2012/7/24,675,"[6,21,27,28,31]",20
2012/7/31,676,"[4,6,18,22,28]",1
2012/8/7,677,"[10,16,23,24,30]",18
2012/8/14,678,"[15,17,21,24,25]",20
2012/8/21,679,"[5,11,23,29,31]",28
2012/8/28,680,"[2,3,11,15,24]",23
2012/9/4,681,"[6,12,17,19,30]",9
2012/9/11,682,"[4,8,20,25,27]",30
2012/9/18,683,"[1,7,15,23,26]",11
2012/9/25,684,"[10,12,13,19,25]",7
2012/10/2,685,"[8,11,19,21,30]",1
2012/10/9,686,"[3,5,7,10,18]",6
2012/10/16,687,"[2,9,17,24,29]",22
2012/10/23,688,"[4,5,9,15,26]",11
2012/10/30,689,"[12,13,19,23,25]",28
2012/11/6,690,"[11,16,22,23,25]",9
2012/11/13,691,"[3,9,10,20,25]",31
2012/11/20,692,"[9,13,14,23,31]",20
2012/11/27,693,"[5,17,21,24,25]",3
2012/12/4,694,"[5,12,15,16,20]",6
2012/12/11,695,"[4,19,20,27,28]",14
2012/12/18,696,"[5,9,15,19,30]",6
2012/12/25,697,"[5,7,17,25,27]",18
2013/1/8,698,"[2,3,5,14,24]",9
2013/1/15,699,"[6,12,21,24,28]",15
2013/1/22,700,"[6,8,9,21,26]",4
2013/1/29,701,"[4,8,13,15,26]",3
2013/2/5,702,"[10,12,13,20,23]",4
2013/2/12,703,"[3,10,16,28,31]",15
2013/2/19,704,"[2,11,21,24,25]",23
2013/2/26,705,"[8,16,18,21,22]",27
2013/3/5,706,"[4,6,15,16,29]",27
2013/3/12,707,"[2,11,23,27,29]",3
2013/3/19,708,"[10,11,20,28,29]",1
2013/3/26,709,"[2,5,16,17,18]",30
2013/4/2,710,"[2,15,18,25,26]",20
2013/4/9,711,"[3,5,10,17,25]",22
2013/4/16,712,"[3,7,18,27,31]",1
2013/4/23,713,"[4,13,22,28,31]",16
2013/4/30,714,"[6,10,20,22,31]",1
2013/5/7,715,"[2,3,5,9,22]",18
2013/5/14,716,"[13,18,19,20,24]",17
2013/5/21,717,"[3,5,14,23,26]",1
2013/5/28,718,"[2,11,16,19,24]",23
2013/6/4,719,"[2,9,18,22,27]",16
2013/6/11,720,"[5,11,17,19,20]",15
2013/6/18,721,"[3,5,12,15,22]",2
2013/6/25,722,"[4,6,17,21,30]",9
2013/7/2,723,"[4,7,9,25,31]",18
2013/7/9,724,"[7,14,17,22,29]",1
2013/7/16,725,"[6,11,26,28,30]",19
2013/7/23,726,"[1,2,16,18,25]",7
2013/7/30,727,"[4,7,14,16,24]",27
2013/8/6,728,"[1,9,11,13,28]",16
2013/8/13,729,"[13,16,17,20,29]",11
2013/8/20,730,"[3,5,7,14,22]",4
2013/8/27,731,"[7,9,18,28,30]",11
2013/9/3,732,"[4,6,16,29,31]",9
2013/9/10,733,"[5,9,11,18,20]",31
2013/9/17,734,"[6,8,10,12,13]",31
2013/9/24,735,"[3,14,16,23,30]",7
2013/10/1,736,"[2,14,17,20,27]",9
2013/10/8,737,"[5,12,18,19,23]",16
2013/10/15,738,"[7,11,14,23,29]",19
2013/10/22,739,"[1,4,19,24,31]",18
2013/10/29,740,"[2,4,19,25,28]",11
2013/11/5,741,"[6,11,12,15,25]",10
2013/11/12,742,"[3,5,16,26,31]",1
2013/11/19,743,"[4,15,18,20,30]",5
2013/11/26,744,"[2,4,5,14,24]",19
2013/12/3,745,"[3,10,13,14,22]",15
2013/12/10,746,"[2,10,15,18,20]",13
2013/12/17,747,"[1,12,23,29,30]",9
2013/12/24,748,"[2,6,7,11,15]",4
2014/1/7,749,"[1,11,14,16,30]",25
2014/1/14,750,"[2,5,9,13,19]",24
2014/1/21,751,"[7,15,18,19,30]",8
2014/1/28,752,"[11,23,26,27,31]",24
2014/2/4,753,"[2,10,20,23,24]",26
2014/2/11,754,"[11,12,24,25,30]",31
2014/2/18,755,"[20,21,22,25,27]",14
2014/2/25,756,"[5,8,9,27,30]",11
2014/3/4,757,"[12,15,21,25,27]",22
2014/3/11,758,"[8,14,19,22,24]",26
2014/3/18,759,"[8,18,23,24,30]",4
2014/3/25,760,"[1,7,14,25,30]",8
2014/4/1,761,"[7,14,16,21,31]",17
2014/4/8,762,"[2,3,8,10,29]",31
2014/4/15,763,"[3,5,12,14,18]",8
2014/4/22,764,"[1,2,7,10,11]",16
2014/4/29,765,"[16,19,20,22,31]",26
2014/5/6,766,"[5,8,12,16,28]",13
2014/5/13,767,"[6,8,10,25,31]",27
2014/5/20,768,"[2,3,23,24,27]",10
2014/5/27,769,"[3,11,15,22,24]",29
2014/6/3,770,"[12,18,19,22,30]",20
2014/6/10,771,"[7,11,22,26,30]",27
2014/6/17,772,"[11,14,15,21,27]",24
2014/6/24,773,"[1,2,6,11,26]",17
2014/7/1,774,"[5,6,9,20,30]",31
2014/7/8,775,"[5,6,14,24,31]",15
2014/7/15,776,"[6,14,15,18,31]",25
2014/7/22,777,"[4,10,20,22,24]",21
2014/7/29,778,"[10,13,14,26,30]",18
2014/8/5,779,"[1,8,9,10,13]",18
2014/8/12,780,"[13,15,16,18,20]",7
2014/8/19,781,"[2,7,10,21,24]",4
2014/8/26,782,"[4,7,9,14,21]",26
2014/9/2,783,"[4,5,10,15,20]",8
2014/9/9,784,"[14,19,21,25,29]",8
2014/9/16,785,"[7,21,22,26,28]",5
2014/9/23,786,"[5,6,21,28,29]",7
2014/9/30,787,"[11,15,22,26,31]",7
2014/10/7,788,"[1,21,28,29,30]",15
2014/10/14,789,"[4,5,11,16,31]",19
2014/10/21,790,"[11,13,15,19,21]",7
2014/10/28,791,"[6,16,18,30,31]",10
2014/11/4,792,"[12,13,15,18,22]",28
2014/11/11,793,"[6,10,18,20,31]",24
2014/11/18,794,"[3,4,8,10,31]",7
2014/11/25,795,"[2,6,11,14,18]",1
2014/12/2,796,"[3,10,19,21,30]",7
2014/12/9,797,"[8,9,29,30,31]",18
2014/12/16,798,"[3,8,10,23,27]",12
2014/12/23,799,"[1,2,17,19,26]",24
2014/12/30,800,"[1,19,20,22,25]",2
2015/1/6,801,"[5,7,20,22,25]",17
2015/1/13,802,"[5,9,21,29,31]",6
2015/1/20,803,"[2,4,18,19,27]",23
2015/1/27,804,"[7,8,9,12,29]",26
2015/2/3,805,"[8,9,11,17,30]",3
2015/2/10,806,"[3,11,21,23,28]",24
2015/2/17,807,"[5,7,13,17,19]",3
2015/2/24,808,"[8,9,26,27,30]",3
2015/3/3,809,"[2,8,11,13,25]",1
2015/3/10,810,"[6,12,15,16,31]",17
2015/3/17,811,"[8,9,10,13,21]",18
2015/3/24,812,"[2,16,17,22,25]",13
2015/3/31,813,"[3,6,9,14,15]",17
2015/4/7,814,"[2,3,12,25,31]",28
2015/4/14,815,"[20,21,26,27,28]",3
2015/4/21,816,"[1,5,7,14,18]",12
2015/4/28,817,"[1,10,23,27,29]",18
2015/5/5,818,"[5,9,14,16,18]",3
2015/5/12,819,"[2,9,14,15,24]",13
2015/5/19,820,"[8,12,20,21,31]",19
2015/5/26,821,"[6,8,18,21,23]",30
2015/6/2,822,"[7,8,10,17,28]",4
2015/6/9,823,"[6,10,14,18,23]",9
2015/6/16,824,"[4,16,22,28,29]",10
2015/6/23,825,"[3,8,12,21,26]",19
2015/6/30,826,"[1,8,21,23,27]",22
2015/7/7,827,"[3,4,6,23,31]",10
2015/7/14,828,"[2,8,11,15,26]",3
2015/7/21,829,"[8,12,19,23,31]",6
2015/7/28,830,"[5,6,20,23,29]",15
2015/8/4,831,"[7,9,17,19,21]",3
2015/8/11,832,"[9,10,15,19,31]",24
2015/8/18,833,"[6,9,15,24,28]",12
2015/8/25,834,"[5,13,21,25,26]",2
2015/9/1,835,"[1,9,11,23,29]",17
2015/9/8,836,"[5,15,20,28,29]",10
2015/9/15,837,"[4,5,9,24,25]",31
2015/9/22,838,"[4,6,11,12,15]",22
2015/9/29,839,"[2,6,14,27,30]",12
2015/10/6,840,"[1,5,11,15,31]",8
2015/10/13,841,"[5,6,7,13,18]",8
2015/10/20,842,"[9,18,20,24,25]",4
2015/10/27,843,"[2,14,23,28,30]",26
2015/11/3,844,"[3,11,14,22,26]",1
2015/11/10,845,"[3,10,22,24,30]",28
2015/11/17,846,"[1,17,27,30,31]",8
2015/11/24,847,"[7,18,19,21,31]",15
2015/12/1,848,"[2,3,22,29,31]",1
2015/12/8,849,"[4,14,17,19,20]",26
2015/12/15,850,"[1,2,13,15,18]",28
2015/12/22,851,"[10,19,20,24,31]",23
2015/12/29,852,"[2,9,15,18,22]",12
2016/1/5,853,"[6,11,17,18,30]",28
2016/1/12,854,"[3,16,22,23,31]",10
2016/1/19,855,"[2,7,17,22,24]",25
2016/1/26,856,"[1,10,15,24,29]",9
2016/2/2,857,"[2,4,21,24,28]",29
2016/2/9,858,"[6,14,15,25,26]",22
2016/2/16,859,"[13,17,19,28,31]",25
2016/2/23,860,"[8,9,21,30,31]",7
2016/3/1,861,"[4,8,12,17,27]",3
2016/3/8,862,"[3,7,9,13,23]",6
2016/3/15,863,"[1,2,11,27,28]",21
2016/3/22,864,"[14,18,26,28,30]",8
2016/3/29,865,"[3,8,16,17,31]",9
2016/4/5,866,"[4,16,18,26,28]",9
2016/4/12,867,"[13,23,24,28,30]",31
2016/4/19,868,"[1,9,14,25,30]",31
2016/4/26,869,"[2,14,16,19,30]",5
2016/5/3,870,"[3,12,22,23,31]",24
2016/5/10,871,"[4,17,24,27,31]",19
2016/5/17,872,"[15,16,24,28,30]",26
2016/5/24,873,"[4,6,10,23,29]",3
2016/5/31,874,"[6,7,8,22,24]",18
2016/6/7,875,"[2,3,8,11,28]",10
2016/6/14,876,"[18,19,20,21,27]",15
2016/6/21,877,"[5,14,20,22,23]",16
2016/6/28,878,"[2,3,8,28,29]",26
2016/7/5,879,"[2,13,24,27,31]",12
2016/7/12,880,"[5,7,11,12,21]",18
2016/7/19,881,"[10,11,17,29,30]",15
2016/7/26,882,"[2,7,8,18,30]",21
2016/8/2,883,"[1,17,18,21,25]",23
2016/8/9,884,"[7,10,22,27,31]",2
2016/8/16,885,"[9,17,21,24,27]",11
2016/8/23,886,"[1,11,20,23,29]",13
2016/8/30,887,"[3,4,19,28,29]",23
2016/9/6,888,"[6,17,24,29,31]",3
2016/9/13,889,"[5,6,12,17,22]",23
2016/9/20,890,"[1,7,12,24,31]",6
2016/9/27,891,"[10,17,29,30,31]",25
2016/10/4,892,"[2,3,12,19,21]",5
2016/10/11,893,"[11,14,20,22,25]",5
2016/10/18,894,"[11,16,21,23,30]",25
2016/10/25,895,"[7,8,9,11,14]",22
2016/11/1,896,"[11,13,16,17,26]",30
2016/11/8,897,"[16,17,18,23,31]",29
2016/11/15,898,"[5,7,20,24,25]",17
2016/11/22,899,"[1,7,19,20,31]",29
2016/11/29,900,"[1,15,18,22,25]",29
2016/12/6,901,"[2,10,13,23,24]",27
2016/12/13,902,"[6,8,16,22,28]",27
2016/12/20,903,"[2,5,21,24,29]",4
2016/12/27,904,"[3,5,8,17,21]",14
2017/1/10,905,"[4,17,18,22,27]",10
2017/1/17,906,"[2,4,6,7,23]",26
2017/1/24,907,"[3,4,10,22,31]",6
2017/1/31,908,"[18,19,21,23,31]",17
2017/2/7,909,"[3,12,14,20,27]",22
2017/2/14,910,"[10,14,20,26,30]",3
2017/2/21,911,"[2,3,4,13,16]",17
2017/2/28,912,"[9,12,19,21,22]",18
2017/3/7,913,"[2,9,17,21,23]",28
2017/3/14,914,"[2,7,15,19,24]",22
2017/3/21,915,"[14,22,24,26,27]",7
2017/3/28,916,"[17,18,23,28,30]",5
2017/4/4,917,"[1,9,10,24,27]",13
2017/4/11,918,"[16,20,22,27,29]",30
2017/4/18,919,"[4,7,9,15,23]",11
2017/4/25,920,"[5,15,22,24,25]",30
2017/5/2,921,"[6,8,10,14,30]",13
2017/5/9,922,"[2,13,14,21,22]",7
2017/5/16,923,"[8,20,21,22,27]",19
2017/5/23,924,"[2,7,8,14,23]",15
2017/5/30,925,"[9,14,19,27,30]",16
2017/6/6,926,"[3,9,18,27,29]",26
2017/6/13,927,"[1,6,7,17,18]",16
2017/6/20,928,"[4,9,11,19,23]",22
2017/6/27,929,"[2,4,5,11,20]",22
2017/7/4,930,"[9,14,24,25,27]",16
2017/7/11,931,"[2,3,18,24,25]",9
2017/7/18,932,"[1,3,14,17,19]",23
2017/7/25,933,"[3,4,22,26,29]",5
2017/8/1,934,"[3,7,8,11,13]",4
2017/8/8,935,"[3,11,13,20,31]",16
2017/8/15,936,"[7,21,23,25,31]",10
2017/8/22,937,"[5,12,13,15,24]",25
2017/8/29,938,"[4,9,16,21,22]",1
2017/9/5,939,"[8,12,20,23,28]",16
2017/9/12,940,"[4,9,25,27,28]",12
2017/9/19,941,"[3,11,12,15,28]",17
2017/9/26,942,"[2,7,10,22,29]",17
2017/10/3,943,"[4,11,18,28,30]",10
2017/10/10,944,"[5,11,13,16,27]",23
2017/10/17,945,"[14,17,21,25,31]",15
2017/10/24,946,"[5,14,24,28,29]",20
2017/10/31,947,"[3,7,19,24,27]",16
2017/11/7,948,"[3,6,12,13,22]",4
2017/11/14,949,"[1,2,5,6,21]",25
2017/11/21,950,"[5,8,12,14,28]",1
2017/11/28,951,"[3,9,12,26,27]",25
2017/12/5,952,"[4,10,15,16,18]",8
2017/12/12,953,"[4,5,9,22,29]",2
2017/12/19,954,"[11,16,21,23,25]",18
2017/12/26,955,"[9,12,17,21,30]",28
2018/1/9,956,"[6,15,18,22,29]",31
2018/1/16,957,"[2,15,26,29,31]",3
2018/1/23,958,"[3,10,15,17,19]",20
2018/1/30,959,"[2,3,9,14,19]",15
2018/2/6,960,"[2,3,5,16,20]",9
2018/2/13,961,"[2,11,18,20,29]",3
2018/2/20,962,"[3,10,15,18,25]",27
2018/2/27,963,"[4,7,17,21,28]",10
2018/3/6,964,"[16,19,27,28,30]",12
2018/3/13,965,"[7,13,15,19,28]",23
2018/3/20,966,"[1,11,25,26,27]",30
2018/3/27,967,"[4,7,11,14,31]",2
2018/4/3,968,"[1,5,10,20,24]",3
2018/4/10,969,"[1,4,18,24,27]",6
2018/4/17,970,"[2,4,19,27,28]",7
2018/4/24,971,"[7,17,18,20,24]",13
2018/5/1,972,"[13,19,21,22,27]",14
2018/5/8,973,"[1,7,12,13,31]",30
2018/5/15,974,"[10,18,21,24,27]",30
2018/5/22,975,"[10,18,19,28,29]",16
2018/5/29,976,"[2,4,15,16,19]",8
2018/6/5,977,"[9,17,21,22,23]",5
2018/6/12,978,"[1,8,20,26,28]",7
2018/6/19,979,"[1,10,23,25,28]",12
2018/6/26,980,"[8,24,27,30,31]",16
2018/7/3,981,"[10,11,19,28,30]",22
2018/7/10,982,"[5,8,20,22,27]",24
2018/7/17,983,"[6,10,12,15,23]",25
2018/7/24,984,"[2,4,5,16,27]",14
2018/7/31,985,"[5,11,16,17,26]",3
2018/8/7,986,"[1,21,22,25,27]",28
2018/8/14,987,"[6,13,15,17,21]",22
2018/8/21,988,"[1,9,11,14,21]",28
2018/8/28,989,"[2,7,10,16,30]",24
2018/9/4,990,"[3,9,17,23,25]",13
2018/9/11,991,"[1,3,9,15,30]",6
2018/9/18,992,"[1,14,17,20,31]",24
2018/9/25,993,"[1,4,24,29,30]",10
2018/10/2,994,"[7,8,19,27,31]",26
2018/10/9,995,"[1,5,14,21,30]",12
2018/10/16,996,"[9,19,20,22,26]",7
2018/10/23,997,"[1,3,8,11,14]",16
2018/10/30,998,"[1,7,19,20,25]",27
2018/11/6,999,"[6,17,18,20,29]",26
2018/11/13,1000,"[3,8,14,18,26]",7
2018/11/20,1001,"[5,12,16,22,27]",18
2018/11/27,1002,"[2,9,11,20,27]",5
2018/12/4,1003,"[11,14,15,22,29]",10
2018/12/11,1004,"[1,18,22,27,30]",20
2018/12/18,1005,"[5,13,18,26,31]",11
2018/12/25,1006,"[10,15,19,23,26]",6
2019/1/8,1007,"[2,10,11,25,31]",17
2019/1/15,1008,"[3,4,22,26,27]",11
2019/1/22,1009,"[2,8,17,23,27]",4
2019/1/29,1010,"[10,17,20,21,30]",15
2019/2/5,1011,"[9,16,21,30,31]",27
2019/2/12,1012,"[1,13,18,26,29]",8
2019/2/19,1013,"[1,6,11,19,28]",8
2019/2/26,1014,"[4,17,19,20,25]",5
2019/3/5,1015,"[3,5,6,20,25]",27
2019/3/12,1016,"[5,21,23,25,27]",22
2019/3/19,1017,"[9,16,21,23,24]",8
2019/3/26,1018,"[13,16,23,27,29]",15
2019/4/2,1019,"[5,6,16,23,24]",3
2019/4/9,1020,"[3,12,17,24,30]",31
2019/4/16,1021,"[13,19,23,25,29]",8
2019/4/23,1022,"[5,13,24,27,29]",22
2019/4/30,1023,"[2,12,22,23,26]",25
2019/5/7,1024,"[4,11,12,23,28]",3
2019/5/14,1025,"[3,4,13,19,23]",18
2019/5/21,1026,"[3,14,15,22,26]",1
2019/5/28,1027,"[5,6,17,21,27]",19
2019/6/4,1028,"[2,3,8,16,27]",17
2019/6/11,1029,"[3,4,9,11,29]",5
2019/6/18,1030,"[21,24,26,27,28]",22
2019/6/25,1031,"[5,8,17,21,23]",15
2019/7/2,1032,"[1,9,14,21,26]",29
2019/7/9,1033,"[2,12,14,24,31]",22
2019/7/16,1034,"[12,22,27,28,29]",10
2019/7/23,1035,"[3,8,11,16,31]",26
2019/7/30,1036,"[7,14,16,23,28]",9
2019/8/6,1037,"[7,19,23,24,27]",17
2019/8/13,1038,"[2,5,21,23,30]",8
2019/8/20,1039,"[4,19,22,24,30]",12
2019/8/27,1040,"[7,10,13,25,27]",30
2019/9/3,1041,"[3,9,14,15,27]",31
2019/9/10,1042,"[11,12,19,23,28]",7
2019/9/17,1043,"[7,9,23,24,25]",30
2019/9/24,1044,"[12,19,27,28,30]",1
2019/10/1,1045,"[3,5,7,10,18]",16
2019/10/8,1046,"[16,23,24,28,29]",12
2019/10/15,1047,"[8,12,19,25,26]",9
2019/10/22,1048,"[1,8,11,19,23]",12
2019/10/29,1049,"[2,16,21,26,31]",27
2019/11/5,1050,"[2,15,19,23,28]",10
2019/11/12,1051,"[7,11,12,21,22]",5
2019/11/19,1052,"[4,8,9,14,26]",5
2019/11/26,1053,"[2,3,13,16,23]",14
2019/12/3,1054,"[2,19,25,26,31]",22
2019/12/10,1055,"[1,5,18,19,21]",9
2019/12/17,1056,"[3,12,14,21,25]",10
2019/12/24,1057,"[9,13,21,23,26]",1
2020/1/7,1058,"[2,16,19,24,27]",20
2020/1/14,1059,"[2,11,13,16,18]",3
2020/1/21,1060,"[19,23,24,28,31]",11
2020/1/28,1061,"[5,10,19,23,28]",9
2020/2/4,1062,"[14,18,23,29,31]",17
2020/2/11,1063,"[10,18,20,26,27]",25
2020/2/18,1064,"[1,5,8,28,29]",7
2020/2/25,1065,"[8,11,14,16,31]",10
2020/3/3,1066,"[15,17,20,22,23]",21
2020/3/10,1067,"[2,10,13,15,28]",26
2020/3/17,1068,"[2,3,20,24,31]",9
2020/3/24,1069,"[1,3,9,14,25]",20
2020/3/31,1070,"[7,9,11,27,31]",21
2020/4/7,1071,"[2,3,4,27,31]",7
2020/4/14,1072,"[3,4,10,12,13]",31
2020/4/21,1073,"[2,13,21,24,30]",14
2020/4/28,1074,"[15,18,20,22,27]",21
2020/5/5,1075,"[4,11,13,16,31]",6
2020/5/12,1076,"[5,7,11,22,26]",15
2020/5/19,1077,"[3,17,19,25,31]",4
2020/5/26,1078,"[3,10,16,17,25]",24
2020/6/2,1079,"[2,6,14,16,26]",4
2020/6/9,1080,"[4,5,13,19,21]",14
2020/6/16,1081,"[2,3,4,24,25]",8
2020/6/23,1082,"[1,2,14,19,29]",5
2020/6/30,1083,"[1,3,19,26,29]",5
2020/7/7,1084,"[11,19,28,29,31]",2
2020/7/14,1085,"[9,10,16,17,28]",13
2020/7/21,1086,"[2,18,19,28,30]",16
2020/7/28,1087,"[1,3,4,9,16]",28
2020/8/4,1088,"[2,8,14,17,26]",4
2020/8/11,1089,"[3,13,18,19,22]",29
2020/8/18,1090,"[4,12,15,22,25]",10
2020/8/25,1091,"[1,14,25,29,31]",30
2020/9/1,1092,"[9,13,14,19,22]",25
2020/9/8,1093,"[2,12,17,23,30]",8
2020/9/15,1094,"[3,5,8,14,22]",21
2020/9/22,1095,"[4,10,16,21,24]",6
2020/9/29,1096,"[1,2,12,20,22]",8
2020/10/6,1097,"[5,12,18,19,24]",16
2020/10/13,1098,"[3,13,17,28,31]",19
2020/10/20,1099,"[1,3,5,14,23]",15
2020/10/27,1100,"[13,18,19,25,27]",16
2020/11/3,1101,"[1,8,10,12,29]",13
2020/11/10,1102,"[8,13,20,26,29]",6
2020/11/17,1103,"[1,6,7,21,31]",18
2020/11/24,1104,"[7,16,20,23,28]",6
2020/12/1,1105,"[4,11,16,21,26]",9
2020/12/8,1106,"[2,18,21,25,30]",19
2020/12/15,1107,"[7,10,16,18,29]",5
2020/12/22,1108,"[6,10,14,17,19]",27
2020/12/29,1109,"[7,15,17,26,27]",8
2021/1/5,1110,"[2,7,19,23,28]",3
2021/1/12,1111,"[2,3,4,13,31]",29
2021/1/19,1112,"[5,6,8,13,25]",29
2021/1/26,1113,"[19,20,21,26,27]",12
2021/2/2,1114,"[7,18,21,25,26]",12
2021/2/9,1115,"[2,4,6,11,29]",20
2021/2/16,1116,"[7,24,25,27,29]",10
2021/2/23,1117,"[4,13,22,27,30]",19
2021/3/2,1118,"[8,13,16,27,29]",11
2021/3/9,1119,"[9,10,12,17,18]",14
2021/3/16,1120,"[2,10,11,17,31]",26
2021/3/23,1121,"[13,19,21,24,25]",16
2021/3/30,1122,"[8,9,14,25,28]",11
2021/4/6,1123,"[7,17,26,28,29]",24
2021/4/13,1124,"[3,4,6,8,27]",12
2021/4/20,1125,"[2,6,10,14,21]",18
2021/4/27,1126,"[6,8,20,30,31]",25
2021/5/4,1127,"[8,22,24,27,28]",16
2021/5/11,1128,"[4,7,13,24,30]",2
2021/5/18,1129,"[5,9,16,29,30]",12
2021/5/25,1130,"[5,6,8,25,26]",11
2021/6/1,1131,"[6,8,11,24,29]",23
2021/6/8,1132,"[3,4,14,15,18]",5
2021/6/15,1133,"[14,17,23,28,30]",7
2021/6/22,1134,"[6,13,20,23,28]",21
2021/6/29,1135,"[7,19,21,23,28]",24
2021/7/6,1136,"[11,15,20,22,23]",4
2021/7/13,1137,"[7,8,21,25,31]",14
2021/7/20,1138,"[14,20,23,28,29]",27
2021/7/27,1139,"[12,16,17,24,31]",22
2021/8/3,1140,"[7,11,17,19,28]",25
2021/8/10,1141,"[9,12,17,18,27]",22
2021/8/17,1142,"[11,23,25,29,30]",18
2021/8/24,1143,"[3,4,16,19,27]",23
2021/8/31,1144,"[4,11,14,21,30]",27
2021/9/7,1145,"[11,14,20,28,31]",12
2021/9/14,1146,"[4,5,11,29,30]",24
2021/9/21,1147,"[6,8,23,27,29]",21
2021/9/28,1148,"[1,3,6,15,19]",10
2021/10/5,1149,"[5,12,14,15,20]",7
2021/10/12,1150,"[1,10,13,27,29]",14
2021/10/19,1151,"[14,18,21,30,31]",9
2021/10/26,1152,"[2,12,14,23,27]",21
2021/11/2,1153,"[17,25,27,29,30]",15
2021/11/9,1154,"[9,10,12,21,24]",27
2021/11/16,1155,"[1,9,13,16,19]",18
2021/11/23,1156,"[1,3,14,27,30]",7
2021/11/30,1157,"[2,6,7,13,30]",17
2021/12/7,1158,"[1,14,23,25,26]",29
2021/12/14,1159,"[11,12,14,18,31]",6
2021/12/21,1160,"[7,19,22,24,31]",21
2021/12/28,1161,"[3,9,13,17,24]",29
2022/1/4,1162,"[2,21,23,24,29]",11
2022/1/11,1163,"[2,9,11,22,29]",3
2022/1/18,1164,"[4,9,19,26,31]",25
2022/1/25,1165,"[5,13,16,27,31]",24
2022/2/1,1166,"[6,11,14,17,25]",24
2022/2/8,1167,"[2,14,21,27,30]",23
2022/2/15,1168,"[5,13,14,24,31]",2
2022/2/22,1169,"[1,7,9,21,27]",13
2022/3/1,1170,"[2,16,18,20,28]",29
2022/3/8,1171,"[1,3,6,16,23]",31
2022/3/15,1172,"[11,24,26,28,29]",22
2022/3/22,1173,"[3,4,13,16,27]",9
2022/3/29,1174,"[5,6,21,29,30]",27
2022/4/5,1175,"[1,7,15,16,29]",2
2022/4/12,1176,"[1,12,20,27,29]",17
2022/4/19,1177,"[3,10,16,21,30]",7
2022/4/26,1178,"[1,5,9,13,22]",31
2022/5/3,1179,"[18,19,20,25,30]",27
2022/5/10,1180,"[13,15,16,26,29]",27
2022/5/17,1181,"[2,9,13,16,22]",15
2022/5/24,1182,"[7,10,20,22,28]",21
2022/5/31,1183,"[3,7,9,14,15]",23
2022/6/7,1184,"[5,8,12,19,27]",15
2022/6/14,1185,"[1,14,16,17,22]",4
2022/6/21,1186,"[9,13,15,24,28]",17
2022/6/28,1187,"[3,5,6,11,23]",16
2022/7/5,1188,"[2,25,26,29,31]",6
2022/7/12,1189,"[6,7,16,17,22]",9
2022/7/19,1190,"[3,20,23,24,28]",29
2022/7/26,1191,"[11,16,20,25,26]",7
2022/8/2,1192,"[4,10,11,22,31]",28
2022/8/9,1193,"[1,4,8,11,20]",15
2022/8/16,1194,"[3,5,7,18,20]",30
2022/8/23,1195,"[3,10,11,13,14]",4
2022/8/30,1196,"[1,5,17,19,23]",26
2022/9/6,1197,"[7,9,17,26,27]",24
2022/9/13,1198,"[10,11,17,30,31]",1
2022/9/20,1199,"[6,13,19,23,28]",10
2022/9/27,1200,"[2,16,18,22,24]",4
2022/10/4,1201,"[1,2,16,23,30]",8
2022/10/11,1202,"[4,5,15,27,30]",12
2022/10/18,1203,"[4,7,8,12,19]",23
2022/10/25,1204,"[5,10,12,18,20]",4
2022/11/1,1205,"[11,12,16,24,28]",20
2022/11/8,1206,"[7,9,12,14,30]",19
2022/11/15,1207,"[2,8,14,25,28]",7
2022/11/22,1208,"[5,10,15,16,27]",26
2022/11/29,1209,"[12,14,17,27,28]",29
2022/12/6,1210,"[14,26,27,30,31]",10
2022/12/13,1211,"[4,8,16,25,26]",12
2022/12/20,1212,"[14,19,23,30,31]",26
2022/12/27,1213,"[17,21,23,25,26]",6
2023/1/10,1214,"[5,9,10,19,26]",2
2023/1/17,1215,"[1,2,3,5,20]",6
2023/1/24,1216,"[10,12,18,25,28]",13
2023/1/31,1217,"[8,10,14,20,25]",30
2023/2/7,1218,"[1,3,4,7,11]",16
2023/2/14,1219,"[9,10,13,21,29]",11
2023/2/21,1220,"[2,5,11,12,30]",16
2023/2/28,1221,"[4,11,13,21,26]",19
2023/3/7,1222,"[4,18,23,26,28]",7
2023/3/14,1223,"[1,11,21,26,31]",25
2023/3/21,1224,"[1,5,8,11,22]",14
2023/3/28,1225,"[1,7,15,29,31]",19
2023/4/4,1226,"[2,5,13,18,21]",4
2023/4/11,1227,"[1,5,11,20,26]",14
2023/4/18,1228,"[1,4,18,19,26]",22
2023/4/25,1229,"[1,5,7,12,27]",26
2023/5/2,1230,"[4,18,21,22,23]",28
2023/5/9,1231,"[1,14,20,21,31]",5
2023/5/16,1232,"[4,5,17,27,29]",6
2023/5/23,1233,"[3,8,17,19,23]",22
2023/5/30,1234,"[4,14,15,27,28]",22
2023/6/6,1235,"[8,12,17,22,28]",5
2023/6/13,1236,"[1,18,19,30,31]",29
2023/6/20,1237,"[2,9,10,25,31]",18
2023/6/27,1238,"[13,16,19,21,25]",29
2023/7/4,1239,"[7,9,11,18,30]",1
2023/7/11,1240,"[13,15,20,27,30]",6
2023/7/18,1241,"[1,2,3,7,27]",11
2023/7/25,1242,"[5,7,18,19,27]",29
2023/8/1,1243,"[2,4,13,15,20]",24
2023/8/8,1244,"[2,6,9,11,19]",22
2023/8/15,1245,"[10,11,16,29,30]",19
2023/8/22,1246,"[16,17,20,21,28]",18
2023/8/29,1247,"[9,15,23,26,30]",19
2023/9/5,1248,"[2,4,5,14,25]",24
2023/9/12,1249,"[7,9,11,14,21]",27
2023/9/19,1250,"[2,12,13,19,23]",27
2023/9/26,1251,"[3,4,5,30,31]",17
2023/10/3,1252,"[1,4,11,25,30]",10
2023/10/10,1253,"[1,11,17,19,25]",28
2023/10/17,1254,"[1,5,12,17,28]",14
2023/10/24,1255,"[2,3,4,17,23]",12
2023/10/31,1256,"[7,8,14,19,21]",23
2023/11/7,1257,"[8,13,19,22,24]",21
2023/11/14,1258,"[3,6,12,19,30]",13
2023/11/21,1259,"[1,13,17,18,22]",25
2023/11/28,1260,"[2,4,14,21,29]",12
2023/12/5,1261,"[19,21,25,29,31]",7
2023/12/12,1262,"[11,16,18,19,29]",31
2023/12/19,1263,"[1,2,15,25,28]",5
2023/12/26,1264,"[2,7,10,22,27]",24
2024/1/9,1265,"[8,9,11,15,31]",17
2024/1/16,1266,"[1,16,22,23,31]",18
2024/1/23,1267,"[13,15,18,20,29]",17
2024/1/30,1268,"[9,11,14,22,29]",31
2024/2/6,1269,"[5,10,16,20,21]",14
2024/2/13,1270,"[2,7,16,19,26]",20
2024/2/20,1271,"[16,17,19,22,23]",24
2024/2/27,1272,"[3,7,14,21,30]",13
2024/3/5,1273,"[7,18,20,22,23]",5
2024/3/12,1274,"[1,7,8,10,14]",18
2024/3/19,1275,"[6,11,12,13,14]",5
2024/3/26,1276,"[4,9,13,16,31]",27
2024/4/2,1277,"[2,13,18,22,28]",30
2024/4/9,1278,"[3,10,19,21,31]",29
2024/4/16,1279,"[1,14,18,22,28]",26
2024/4/23,1280,"[7,9,14,17,20]",13
2024/4/30,1281,"[4,10,15,18,24]",5
2024/5/7,1282,"[2,22,23,30,31]",29
2024/5/14,1283,"[1,11,25,29,31]",3
2024/5/21,1284,"[4,11,23,28,31]",22
2024/5/28,1285,"[4,5,18,23,25]",11
2024/6/4,1286,"[9,10,12,13,30]",25
2024/6/11,1287,"[10,12,23,26,30]",22
2024/6/18,1288,"[4,12,14,16,22]",8
2024/6/25,1289,"[17,18,21,27,30]",3
2024/7/2,1290,"[21,26,27,29,31]",7
2024/7/9,1291,"[1,2,8,11,29]",19
2024/7/16,1292,"[6,11,21,23,25]",27
2024/7/23,1293,"[6,8,10,20,28]",15
2024/7/30,1294,"[8,21,22,27,29]",1
2024/8/6,1295,"[4,11,12,21,26]",28
2024/8/13,1296,"[9,13,18,19,21]",6
2024/8/20,1297,"[1,12,17,21,28]",31
2024/8/27,1298,"[2,4,12,13,17]",29
2024/9/3,1299,"[3,4,9,11,18]",7
2024/9/10,1300,"[1,4,16,27,31]",15
2024/9/17,1301,"[13,15,25,26,27]",17
2024/9/24,1302,"[6,11,12,17,24]",4
2024/10/1,1303,"[7,14,17,30,31]",22
2024/10/8,1304,"[3,4,6,20,31]",2
2024/10/15,1305,"[7,12,14,29,30]",4
2024/10/22,1306,"[5,7,27,28,29]",16
2024/10/29,1307,"[11,13,16,18,20]",19
2024/11/5,1308,"[3,8,12,16,22]",29
2024/11/12,1309,"[6,12,25,27,29]",22
2024/11/19,1310,"[13,14,19,24,28]",3
2024/11/26,1311,"[3,11,27,28,31]",26
2024/12/3,1312,"[10,12,13,21,31]",23
2024/12/10,1313,"[2,5,9,22,31]",15
2024/12/17,1314,"[18,20,21,23,30]",25
2024/12/24,1315,"[6,15,22,29,30]",13
2025/1/7,1316,"[4,7,10,11,17]",23
2025/1/14,1317,"[7,22,26,30,31]",11
2025/1/21,1318,"[5,7,15,24,29]",12
2025/1/28,1319,"[4,6,16,26,29]",31
2025/2/4,1320,"[2,3,7,25,28]",4
2025/2/11,1321,"[1,5,6,24,25]",11
2025/2/18,1322,"[5,16,18,22,28]",6
2025/2/25,1323,"[4,9,18,24,25]",15
2025/3/4,1324,"[5,6,14,20,27]",1
2025/3/11,1325,"[10,15,22,23,25]",13
2025/3/18,1326,"[4,9,15,19,26]",3
2025/3/25,1327,"[4,9,26,27,29]",16
2025/4/1,1328,"[1,12,15,27,31]",18
2025/4/8,1329,"[5,6,8,21,30]",23
2025/4/15,1330,"[1,13,24,25,31]",11
2025/4/22,1331,"[9,11,13,27,28]",16
2025/4/29,1332,"[12,16,17,20,25]",28
2025/5/6,1333,"[7,11,18,25,26]",6
2025/5/13,1334,"[3,8,21,27,29]",16
2025/5/20,1335,"[12,17,18,22,31]",30
2025/5/27,1336,"[3,20,21,24,25]",26
2025/6/3,1337,"[3,11,17,20,22]",14
2025/6/10,1338,"[13,18,21,28,31]",11
2025/6/17,1339,"[6,14,21,23,31]",22
2025/6/24,1340,"[8,19,22,24,27]",25
2025/7/1,1341,"[5,12,16,24,28]",31
2025/7/8,1342,"[1,9,13,19,23]",11
2025/7/15,1343,"[4,13,22,29,30]",9
2025/7/22,1344,"[2,5,21,24,28]",12
2025/7/29,1345,"[3,11,14,30,31]",28
2025/8/5,1346,"[5,16,20,23,30]",2
2025/8/12,1347,"[4,16,18,27,31]",24
2025/8/19,1348,"[4,16,20,26,28]",29
2025/8/26,1349,"[2,3,15,28,29]",20
2025/9/2,1350,"[2,3,11,22,28]",15
2025/9/9,1351,"[4,9,10,19,29]",6
2025/9/16,1352,"[5,8,10,11,29]",27
2025/9/23,1353,"[6,11,13,14,18]",5
2025/9/30,1354,"[11,13,15,16,26]",2
2025/10/7,1355,"[3,6,10,23,27]",15
2025/10/14,1356,"[6,7,20,22,24]",5
2025/10/21,1357,"[7,9,21,25,28]",15
2025/10/28,1358,"[1,6,22,27,29]",28
2025/11/4,1359,"[1,3,15,16,20]",13
2025/11/11,1360,"[4,18,20,24,29]",31
2025/11/18,1361,"[20,25,26,27,30]",13
2025/11/25,1362,"[6,12,13,17,26]",18
2025/12/2,1363,"[6,12,16,19,31]",25
